{"cameraMode":{"drawMode":0,"name":"Shaded","section":"Shading Mode"},"sceneLighting":true,"audioPlay":false,"sceneViewState":{"m_AlwaysRefresh":false,"showFog":true,"showSkybox":true,"showFlares":true,"showImageEffects":true,"showParticleSystems":true,"showVisualEffectGraphs":true,"m_FxEnabled":true},"in2DMode":false,"pivot":{"x":1.287465214729309,"y":1.4326386451721192,"z":0.7624380588531494},"rotation":{"x":-0.1762261539697647,"y":-0.18226854503154756,"z":0.033334024250507358,"w":-0.9668553471565247},"size":4.5577239990234379,"orthographic":false}