{"cameraMode":{"drawMode":0,"name":"Shaded","section":"Shading Mode"},"sceneLighting":true,"audioPlay":false,"sceneViewState":{"m_AlwaysRefresh":false,"showFog":true,"showSkybox":true,"showFlares":true,"showImageEffects":true,"showParticleSystems":true,"showVisualEffectGraphs":true,"m_FxEnabled":true},"in2DMode":false,"pivot":{"x":-4.744789123535156,"y":10.153237342834473,"z":-2.7971208095550539},"rotation":{"x":0.046913065016269687,"y":0.7672572731971741,"z":0.05649495869874954,"w":-0.6371239423751831},"size":14.025796890258789,"orthographic":false}